Child_ID,rs429358,rs7412,rs3851179,Age,Sex,FamilyHistory,Risk_Score
Child_1,0,1,2,69,1,1,0.005714285714285714
Child_2,0,0,2,60,0,1,0.0
Child_3,2,0,2,85,1,1,0.96
Child_4,2,1,1,57,0,1,0.7723333333333333
Child_5,1,1,2,53,0,1,0.30833333333333335
Child_6,2,1,2,52,1,1,0.66
Child_7,0,1,2,54,0,1,0.01
Child_8,0,1,2,84,0,1,0.31
Child_9,1,1,1,69,1,1,0.20793956043956044
Child_10,1,1,2,61,0,1,0.29266666666666663
Child_11,0,1,2,55,1,1,0.0
Child_12,0,1,2,75,0,1,0.04
Child_13,2,0,1,62,0,1,0.8603939393939395
Child_14,2,0,2,57,1,1,0.745
Child_15,2,1,1,80,1,1,0.87
Child_16,2,1,1,77,1,1,0.84
Child_17,1,1,1,70,0,1,0.437112221112221
Child_18,1,1,1,80,0,1,0.3758333333333333
Child_19,2,1,2,72,0,1,0.8883333333333334
Child_20,0,0,1,75,1,1,0.0
Child_21,0,0,2,57,1,1,0.0
Child_22,1,1,1,82,1,1,0.29
Child_23,1,0,2,62,1,1,0.13500843927314513
Child_24,2,1,1,74,1,1,0.88
Child_25,0,1,1,50,1,1,0.0
Child_26,2,1,2,67,0,1,0.8183333333333335
Child_27,1,1,2,87,0,1,0.98
Child_28,1,0,2,65,1,1,0.31632928928438786
Child_29,2,1,2,86,1,1,0.9
Child_30,2,0,1,52,1,1,0.7811948051948053
Child_31,1,1,2,60,1,1,0.09527777777777778
Child_32,0,1,1,81,0,1,0.0014285714285714286
Child_33,1,0,2,86,0,1,1.0
Child_34,1,1,1,85,0,1,0.6383333333333333
Child_35,1,1,1,66,0,1,0.33568181818181814
Child_36,1,1,2,54,0,1,0.30833333333333335
Child_37,2,0,1,65,1,1,0.9255079365079366
Child_38,2,0,1,79,0,1,0.9985185185185185
Child_39,2,0,1,57,1,1,0.7811948051948053
Child_40,0,0,2,57,0,1,0.0
Child_41,2,1,1,64,1,1,0.85
Child_42,1,1,2,84,0,1,0.6108333333333333
Child_43,1,0,1,75,0,1,0.6646852402843116
Child_44,1,0,1,58,1,1,0.1360295728781023
Child_45,1,1,2,78,1,1,0.43
Child_46,1,1,2,51,0,1,0.30833333333333335
Child_47,1,1,2,87,1,1,0.89
Child_48,1,0,1,52,0,1,0.597565736990078
Child_49,1,1,2,83,0,1,0.5758333333333333
Child_50,1,0,1,62,0,1,0.33696692752482604
Child_51,0,0,1,84,0,1,0.29243242395049385
Child_52,0,0,1,70,0,1,0.006666666666666666
Child_53,1,1,1,85,0,1,0.6383333333333333
Child_54,0,1,1,77,0,1,0.030726190476190476
Child_55,1,1,2,81,1,1,0.39
Child_56,2,0,2,82,1,1,0.99
Child_57,2,1,2,60,0,1,0.7183333333333334
Child_58,0,1,1,87,0,1,0.85
Child_59,1,1,2,55,0,1,0.30833333333333335
Child_60,0,0,2,52,1,1,0.0
Child_61,1,1,1,81,0,1,0.3548039215686275
Child_62,1,0,2,89,0,1,1.0
Child_63,1,0,2,66,0,1,0.8249255685585609
Child_64,2,1,2,69,0,1,0.8783333333333334
Child_65,1,1,2,64,1,1,0.13986111111111113
Child_66,2,1,1,52,0,1,0.7723333333333333
Child_67,1,1,2,80,0,1,0.5958333333333333
Child_68,1,1,2,75,0,1,0.5643333333333334
Child_69,1,0,2,82,0,1,0.9866666666666667
Child_70,1,1,2,78,0,1,0.5825
Child_71,2,0,1,57,0,1,0.8750367965367964
Child_72,1,0,2,64,0,1,0.5867308906874124
Child_73,1,0,1,52,0,1,0.597565736990078
Child_74,2,1,1,58,0,1,0.7723333333333333
Child_75,1,1,1,87,0,1,0.98
Child_76,1,0,2,84,1,1,0.9540579710144929
Child_77,2,0,2,62,1,1,0.7675
Child_78,2,1,1,75,0,1,0.8983333333333334
Child_79,1,1,1,78,1,1,0.36383852258852256
Child_80,1,0,2,59,1,1,0.14480281156751743
Child_81,1,0,2,73,1,1,0.7447047152194208
Child_82,2,0,2,72,1,1,0.9772222222222223
Child_83,1,1,2,79,1,1,0.37
Child_84,2,0,2,67,1,1,0.9122222222222223
Child_85,1,0,2,64,1,1,0.3188292892843878
Child_86,1,1,1,83,1,1,0.32
Child_87,1,1,1,87,0,1,0.98
Child_88,1,1,2,88,0,1,0.99
Child_89,1,1,2,81,0,1,0.5558333333333333
Child_90,0,1,2,70,1,1,0.005714285714285714
Child_91,0,1,1,51,1,1,0.0
Child_92,0,1,2,70,0,1,0.09469047619047619
Child_93,1,1,1,82,0,1,0.3713039215686274
Child_94,1,1,1,86,1,1,0.93
Child_95,2,1,1,60,0,1,0.7723333333333333
Child_96,0,1,2,52,1,1,0.0
Child_97,1,1,2,74,1,1,0.24166666666666667
Child_98,1,1,2,86,1,1,0.88
Child_99,2,1,2,72,1,1,0.865
Child_100,1,0,1,56,1,1,0.1360295728781023
Child_101,0,0,1,73,0,1,0.0016240601503759397
Child_102,0,1,1,62,1,1,0.0
Child_103,0,0,1,62,1,1,0.0009090909090909091
Child_104,1,1,2,55,0,1,0.30833333333333335
Child_105,1,1,2,78,0,1,0.5825
Child_106,1,1,2,75,1,1,0.2341666666666667
Child_107,1,1,2,61,0,1,0.29266666666666663
Child_108,2,0,1,59,0,1,0.8750367965367964
Child_109,2,0,1,65,1,1,0.9255079365079366
Child_110,2,1,1,62,0,1,0.7866666666666667
Child_111,1,0,1,89,1,1,1.0
Child_112,0,0,1,86,1,1,0.9313410022840364
Child_113,1,0,1,67,1,1,0.5801869768511214
Child_114,1,0,2,62,0,1,0.41996642246642246
Child_115,1,0,2,66,0,1,0.8249255685585609
Child_116,1,0,2,56,1,1,0.14480281156751743
Child_117,1,0,1,83,0,1,0.9889705882352942
Child_118,1,0,2,53,1,1,0.14480281156751743
Child_119,0,0,1,73,0,1,0.0016240601503759397
Child_120,1,0,1,81,0,1,0.9949891067538127
Child_121,1,0,2,56,1,1,0.14480281156751743
Child_122,2,0,1,85,0,1,1.0
Child_123,2,0,1,85,1,1,0.9866666666666667
Child_124,0,1,1,89,1,1,0.13342857142857142
Child_125,1,1,2,68,0,1,0.48444444444444446
Child_126,2,0,2,53,1,1,0.745
Child_127,1,1,2,81,1,1,0.39
Child_128,2,0,2,69,1,1,0.9799365079365079
Child_129,1,1,2,59,1,1,0.09527777777777778
Child_130,2,1,2,66,0,1,0.8083333333333335
Child_131,1,1,1,62,0,1,0.2026031746031746
Child_132,0,1,2,50,1,1,0.0
Child_133,0,0,2,77,1,1,0.5849914529914529
Child_134,1,0,2,61,0,1,0.4177045177045178
Child_135,0,0,2,72,1,1,0.06301587301587301
Child_136,0,1,1,74,0,1,0.0014285714285714286
Child_137,0,1,1,76,1,1,0.001
Child_138,2,1,1,82,1,1,0.86
Child_139,2,0,1,78,0,1,0.9971428571428571
Child_140,1,1,2,76,0,1,0.5468333333333333
Child_141,1,1,2,82,0,1,0.5658333333333333
Child_142,2,1,1,79,1,1,0.84
Child_143,2,0,1,54,0,1,0.8750367965367964
Child_144,1,0,2,63,1,1,0.28643030444501033
Child_145,1,1,1,84,0,1,0.42416666666666664
Child_146,0,0,1,86,0,1,0.9908571428571428
Child_147,2,1,1,69,0,1,0.9260256410256411
Child_148,0,0,2,60,0,1,0.0
Child_149,2,0,2,86,0,1,1.0
Child_150,0,0,1,76,0,1,0.16120232094750078
Child_151,1,0,1,82,1,1,0.9663067932919597
Child_152,2,1,2,59,0,1,0.7183333333333334
Child_153,1,0,2,74,1,1,0.6325396825396825
Child_154,0,0,1,66,0,1,0.006666666666666666
Child_155,1,1,2,51,0,1,0.30833333333333335
Child_156,1,1,1,81,0,1,0.3548039215686275
Child_157,1,0,2,74,1,1,0.6325396825396825
Child_158,0,1,1,57,1,1,0.0
Child_159,0,0,1,74,0,1,0.004163742690058479
Child_160,1,0,1,67,0,1,0.8356456661159685
Child_161,1,0,1,77,1,1,0.9744024994613228
Child_162,1,1,2,55,0,1,0.30833333333333335
Child_163,0,0,1,59,1,1,0.0009090909090909091
Child_164,2,1,2,89,1,1,0.88
Child_165,1,0,2,68,0,1,0.9106477907807832
Child_166,2,1,2,56,1,1,0.66
Child_167,2,1,2,54,1,1,0.66
Child_168,1,0,1,76,0,1,0.8708957242447954
Child_169,2,1,2,75,0,1,0.8883333333333334
Child_170,1,0,1,59,0,1,0.597565736990078
Child_171,2,1,1,76,0,1,0.8583333333333334
Child_172,0,1,2,66,0,1,0.01
Child_173,1,1,1,80,0,1,0.3758333333333333
Child_174,1,1,1,67,0,1,0.3606818181818181
Child_175,0,1,2,51,1,1,0.0
Child_176,1,0,2,67,0,1,0.8929811241141163
Child_177,1,0,1,80,0,1,0.9960185185185185
Child_178,1,0,2,88,1,1,1.0
Child_179,2,0,1,80,0,1,0.9985185185185185
Child_180,2,1,2,77,1,1,0.81
Child_181,1,0,2,79,0,1,1.0
Child_182,2,1,1,67,0,1,0.8583333333333334
Child_183,2,1,2,66,0,1,0.8083333333333335
Child_184,2,1,2,65,0,1,0.7883333333333334
Child_185,2,0,1,70,0,1,0.9924975024975025
Child_186,2,1,1,81,0,1,0.7933333333333334
Child_187,1,0,1,84,1,1,0.9000246376811596
Child_188,2,1,2,81,1,1,0.84
Child_189,2,0,1,69,0,1,0.9890054390054391
Child_190,2,0,2,53,0,1,0.8418650793650794
Child_191,2,1,2,64,1,1,0.73
Child_192,2,0,2,58,0,1,0.8418650793650794
Child_193,1,1,2,64,0,1,0.3861111111111111
Child_194,1,1,1,83,0,1,0.4023039215686275
Child_195,1,0,1,54,1,1,0.1360295728781023
Child_196,1,1,2,66,1,1,0.2023611111111111
Child_197,0,1,2,59,0,1,0.01
Child_198,1,1,1,50,0,1,0.23788888888888887
Child_199,2,0,1,88,0,1,1.0
Child_200,1,1,1,55,1,1,0.04650000000000001
Child_201,1,0,1,79,0,1,0.9922685185185184
Child_202,2,0,2,68,1,1,0.9579365079365079
Child_203,2,0,1,51,1,1,0.7811948051948053
Child_204,2,1,1,65,0,1,0.8483333333333334
Child_205,1,0,2,51,0,1,0.5361507936507938
Child_206,1,0,2,71,1,1,0.9244338021550297
Child_207,0,0,1,50,0,1,0.0025
Child_208,0,0,1,60,1,1,0.0009090909090909091
Child_209,2,1,1,78,1,1,0.87
Child_210,1,0,2,52,0,1,0.5361507936507938
Child_211,2,1,2,75,1,1,0.83
Child_212,0,1,2,62,1,1,0.0
Child_213,1,0,1,72,1,1,0.7722257030682154
Child_214,0,0,2,75,0,1,0.0778564374222269
Child_215,2,1,1,72,0,1,0.9308333333333334
Child_216,1,0,1,84,0,1,0.9508333333333334
Child_217,1,0,2,85,1,1,0.96
Child_218,1,0,1,84,0,1,0.9508333333333334
Child_219,2,0,2,75,1,1,0.9333333333333332
Child_220,0,0,2,85,1,1,0.061
Child_221,2,0,1,53,0,1,0.8750367965367964
Child_222,0,1,2,83,1,1,0.01
Child_223,0,1,1,53,1,1,0.0
Child_224,1,0,2,67,0,1,0.8929811241141163
Child_225,2,1,1,58,0,1,0.7723333333333333
Child_226,1,0,2,62,0,1,0.41996642246642246
Child_227,0,0,1,67,1,1,0.001
Child_228,1,1,2,81,1,1,0.39
Child_229,0,0,1,80,1,1,0.09524155681779517
Child_230,1,1,2,89,1,1,0.88
Child_231,1,0,1,63,0,1,0.3756470899549885
Child_232,1,0,1,84,1,1,0.9000246376811596
Child_233,1,0,2,78,1,1,0.995957264957265
Child_234,1,1,1,85,1,1,0.58
Child_235,0,1,2,72,0,1,0.16566666666666666
Child_236,1,1,2,66,0,1,0.42611111111111116
Child_237,0,0,1,56,0,1,0.0025
Child_238,1,1,2,76,0,1,0.5468333333333333
Child_239,1,0,2,86,0,1,1.0
Child_240,1,1,1,84,0,1,0.42416666666666664
Child_241,1,0,2,67,1,1,0.7051985836187654
Child_242,1,1,1,56,0,1,0.23788888888888887
Child_243,1,0,1,69,0,1,0.8555168446450417
Child_244,2,0,2,78,0,1,1.0
Child_245,1,1,2,51,1,1,0.09527777777777778
Child_246,1,0,2,54,0,1,0.5361507936507938
Child_247,1,1,2,81,1,1,0.39
Child_248,1,0,2,58,0,1,0.5361507936507938
Child_249,2,0,2,77,1,1,1.0
Child_250,0,0,1,70,0,1,0.006666666666666666
Child_251,0,1,2,64,1,1,0.0
Child_252,1,1,1,83,1,1,0.32
Child_253,1,0,2,73,1,1,0.7447047152194208
Child_254,1,0,1,71,1,1,0.7722257030682154
Child_255,2,0,1,62,1,1,0.8136948051948053
Child_256,2,0,1,54,0,1,0.8750367965367964
Child_257,0,1,2,70,0,1,0.09469047619047619
Child_258,1,1,2,67,1,1,0.2386111111111111
Child_259,2,1,1,76,1,1,0.83
Child_260,1,0,1,88,0,1,1.0
Child_261,1,1,1,87,0,1,0.98
Child_262,1,0,1,77,1,1,0.9744024994613228
Child_263,1,0,2,84,0,1,0.9975
Child_264,0,0,1,79,1,1,0.22007254527378362
Child_265,0,1,2,66,1,1,0.0
Child_266,0,1,1,61,0,1,0.0
Child_267,2,1,1,64,1,1,0.85
Child_268,0,0,2,69,1,1,0.0077142857142857135
Child_269,1,1,2,80,1,1,0.38
Child_270,0,0,1,70,1,1,0.005285714285714286
Child_271,1,0,2,53,1,1,0.14480281156751743
Child_272,2,0,1,56,0,1,0.8750367965367964
Child_273,2,1,1,52,1,1,0.75
Child_274,0,1,2,61,0,1,0.01
Child_275,1,0,1,50,0,1,0.597565736990078
Child_276,1,0,1,57,0,1,0.597565736990078
Child_277,2,1,2,84,0,1,0.8233333333333335
Child_278,2,0,1,75,1,1,0.8532142857142857
Child_279,2,1,2,74,0,1,0.8783333333333334
Child_280,0,1,2,84,0,1,0.31
Child_281,1,1,2,53,1,1,0.09527777777777778
Child_282,2,0,2,74,1,1,0.94
Child_283,1,0,2,86,1,1,0.99
Child_284,1,1,2,77,0,1,0.5825
Child_285,0,0,2,69,0,1,0.10442784992784994
Child_286,1,1,1,50,1,1,0.04650000000000001
Child_287,1,1,2,52,0,1,0.30833333333333335
Child_288,1,0,2,70,1,1,0.8357598084276683
Child_289,1,1,1,71,1,1,0.2623970021206864
Child_290,0,1,2,74,1,1,0.0
Child_291,0,1,1,76,1,1,0.001
Child_292,0,1,2,88,0,1,0.76
Child_293,1,0,1,80,1,1,0.9710730897406091
Child_294,2,1,2,78,1,1,0.84
Child_295,0,0,2,62,1,1,0.0
Child_296,2,0,2,50,0,1,0.8418650793650794
Child_297,2,1,2,67,1,1,0.77
Child_298,0,1,2,85,0,1,0.43
Child_299,1,0,2,78,1,1,0.995957264957265
Child_300,1,0,2,55,1,1,0.14480281156751743
Child_301,2,1,1,86,1,1,0.96
Child_302,0,0,1,86,0,1,0.9908571428571428
Child_303,1,1,2,82,1,1,0.4
Child_304,2,1,1,55,1,1,0.75
Child_305,2,0,1,58,0,1,0.8750367965367964
Child_306,0,0,2,60,0,1,0.0
Child_307,0,1,2,69,1,1,0.005714285714285714
Child_308,1,1,1,52,0,1,0.23788888888888887
Child_309,1,0,1,57,1,1,0.1360295728781023
Child_310,1,0,1,83,1,1,0.9625321120908079
Child_311,1,1,1,55,0,1,0.23788888888888887
Child_312,0,0,2,88,1,1,0.9833697089947089
Child_313,0,0,2,71,1,1,0.0683015873015873
Child_314,0,1,1,69,0,1,0.01
Child_315,0,1,1,61,0,1,0.0
Child_316,0,1,1,57,0,1,0.0
Child_317,2,1,1,82,1,1,0.86
Child_318,1,1,2,80,0,1,0.5958333333333333
Child_319,1,0,1,54,0,1,0.597565736990078
Child_320,0,0,2,53,1,1,0.0
Child_321,1,0,2,65,1,1,0.31632928928438786
Child_322,1,0,1,87,0,1,1.0
Child_323,2,0,1,52,1,1,0.7811948051948053
Child_324,1,1,2,51,1,1,0.09527777777777778
Child_325,1,1,1,51,1,1,0.04650000000000001
Child_326,1,1,2,82,0,1,0.5658333333333333
Child_327,0,1,1,63,0,1,0.0
Child_328,1,0,1,73,1,1,0.5800436402471232
Child_329,1,1,2,62,1,1,0.10527777777777779
Child_330,1,1,2,85,0,1,0.8233333333333335
Child_331,1,0,1,89,1,1,1.0
Child_332,1,0,2,55,0,1,0.5361507936507938
Child_333,0,0,2,62,1,1,0.0
Child_334,1,1,2,66,0,1,0.42611111111111116
Child_335,1,1,1,76,0,1,0.40190384615384617
Child_336,1,1,2,63,0,1,0.36361111111111116
Child_337,1,0,1,74,1,1,0.35693453774831496
Child_338,1,0,2,50,0,1,0.5361507936507938
Child_339,2,1,1,53,1,1,0.75
Child_340,0,1,1,53,1,1,0.0
Child_341,2,1,1,78,1,1,0.87
Child_342,2,0,2,54,1,1,0.745
Child_343,1,0,2,71,0,1,0.9086081082411005
Child_344,1,1,1,65,0,1,0.32234848484848483
Child_345,0,0,2,63,1,1,0.0
Child_346,1,1,1,61,1,1,0.049833333333333334
Child_347,1,1,2,64,0,1,0.3861111111111111
Child_348,1,1,1,84,1,1,0.34
Child_349,1,0,1,84,1,1,0.9000246376811596
Child_350,0,0,1,86,0,1,0.9908571428571428
Child_351,0,0,1,54,1,1,0.0009090909090909091
Child_352,1,1,2,77,1,1,0.43
Child_353,0,0,1,89,0,1,0.9936904761904762
Child_354,0,0,2,51,0,1,0.0
Child_355,0,0,2,86,0,1,0.9828571428571428
Child_356,0,1,1,82,1,1,0.0
Child_357,1,0,1,85,1,1,0.9791666666666667
Child_358,2,1,2,85,1,1,0.85
Child_359,1,1,2,53,1,1,0.09527777777777778
Child_360,1,1,2,56,1,1,0.09527777777777778
Child_361,1,1,1,60,1,1,0.04650000000000001
Child_362,0,1,2,66,1,1,0.0
Child_363,2,0,2,85,1,1,0.96
Child_364,1,1,1,78,0,1,0.43041666666666667
Child_365,1,1,1,86,0,1,0.93
Child_366,1,0,1,58,0,1,0.597565736990078
Child_367,1,1,2,76,1,1,0.25666666666666665
Child_368,2,0,1,78,1,1,1.0
Child_369,1,1,2,75,1,1,0.2341666666666667
Child_370,2,1,2,65,0,1,0.7883333333333334
Child_371,1,1,1,82,0,1,0.3713039215686274
Child_372,1,0,1,52,1,1,0.1360295728781023
Child_373,2,1,2,87,0,1,0.99
Child_374,1,0,1,65,1,1,0.5123243582734198
Child_375,1,0,2,75,0,1,0.7828613445378153
Child_376,1,1,1,88,1,1,0.99
Child_377,1,1,1,79,0,1,0.36708333333333326
Child_378,0,1,2,76,1,1,0.02
Child_379,0,0,1,67,1,1,0.001
Child_380,1,0,1,74,1,1,0.35693453774831496
Child_381,1,0,2,73,1,1,0.7447047152194208
Child_382,1,1,2,68,1,1,0.2701587301587301
Child_383,1,0,1,55,1,1,0.1360295728781023
Child_384,1,0,2,79,0,1,1.0
Child_385,0,1,2,75,0,1,0.04
Child_386,0,0,1,85,0,1,0.965
Child_387,1,0,2,71,0,1,0.9086081082411005
Child_388,1,0,1,65,1,1,0.5123243582734198
Child_389,1,1,2,54,1,1,0.09527777777777778
Child_390,2,0,1,88,1,1,0.9895833333333335
Child_391,2,0,2,78,1,1,1.0
Child_392,0,0,2,66,0,1,0.004
Child_393,1,0,2,66,1,1,0.489276169825662
Child_394,1,0,1,57,0,1,0.597565736990078
Child_395,1,0,1,82,0,1,0.987137254901961
Child_396,2,1,2,70,1,1,0.8382142857142857
Child_397,0,1,2,61,0,1,0.01
Child_398,2,1,2,76,0,1,0.8683333333333334
Child_399,1,0,2,86,1,1,0.99
Child_400,0,0,2,55,0,1,0.0
Child_401,0,1,2,76,1,1,0.02
Child_402,0,0,2,68,1,1,0.005714285714285714
Child_403,1,1,2,75,0,1,0.5643333333333334
Child_404,0,0,2,50,0,1,0.0
Child_405,0,0,2,53,0,1,0.0
Child_406,1,1,2,57,0,1,0.30833333333333335
Child_407,1,0,2,85,0,1,1.0
Child_408,0,1,2,89,1,1,0.02
Child_409,2,1,1,74,0,1,0.8683333333333334
Child_410,1,0,2,80,0,1,1.0
Child_411,1,1,2,81,1,1,0.39
Child_412,1,1,1,76,1,1,0.14193376068376068
Child_413,1,1,1,89,1,1,0.99
Child_414,0,1,1,60,0,1,0.0
Child_415,0,0,2,67,1,1,0.0
Child_416,1,0,1,63,0,1,0.3756470899549885
Child_417,1,1,2,51,0,1,0.30833333333333335
Child_418,2,1,1,55,1,1,0.75
Child_419,0,1,2,83,0,1,0.19988095238095238
Child_420,1,0,2,82,0,1,0.9866666666666667
Child_421,1,0,1,53,0,1,0.597565736990078
Child_422,2,0,1,61,1,1,0.7731948051948053
Child_423,2,0,2,74,1,1,0.94
Child_424,1,1,1,52,1,1,0.04650000000000001
Child_425,1,0,1,56,1,1,0.1360295728781023
Child_426,0,0,1,84,0,1,0.29243242395049385
Child_427,0,1,2,55,0,1,0.01
Child_428,1,0,1,59,0,1,0.597565736990078
Child_429,2,1,2,65,0,1,0.7883333333333334
Child_430,1,0,2,63,0,1,0.5171451418951417
Child_431,1,1,1,77,0,1,0.4404166666666666
Child_432,1,0,2,77,0,1,1.0
Child_433,1,1,2,87,1,1,0.89
Child_434,1,0,2,89,0,1,1.0
Child_435,1,1,1,82,1,1,0.29
Child_436,1,1,2,78,0,1,0.5825
Child_437,1,1,2,88,0,1,0.99
Child_438,0,1,1,58,0,1,0.0
Child_439,2,1,2,61,0,1,0.7176666666666668
Child_440,1,1,1,79,0,1,0.36708333333333326
Child_441,1,1,2,53,1,1,0.09527777777777778
Child_442,1,1,1,56,1,1,0.04650000000000001
Child_443,0,1,2,76,0,1,0.19
Child_444,1,1,1,51,1,1,0.04650000000000001
Child_445,1,0,1,74,1,1,0.35693453774831496
Child_446,1,0,1,68,0,1,0.8514051230333202
Child_447,0,0,2,62,0,1,0.0
Child_448,1,1,2,59,1,1,0.09527777777777778
Child_449,1,1,2,69,0,1,0.5317777777777778
Child_450,1,0,2,59,0,1,0.5361507936507938
Child_451,1,1,1,83,0,1,0.4023039215686275
Child_452,2,1,1,87,0,1,0.99
Child_453,0,0,1,77,0,1,0.23984217435175037
Child_454,1,0,2,66,1,1,0.489276169825662
Child_455,1,0,1,79,1,1,0.9528667405342597
Child_456,0,1,1,82,1,1,0.0
Child_457,2,1,2,70,1,1,0.8382142857142857
Child_458,0,1,2,73,1,1,0.0
Child_459,0,1,1,61,0,1,0.0
Child_460,1,0,1,75,1,1,0.34004362865740584
Child_461,0,1,1,80,1,1,0.0
Child_462,2,1,1,63,0,1,0.8316666666666667
Child_463,2,0,1,67,0,1,0.9745268065268066
Child_464,1,1,2,75,0,1,0.5643333333333334
Child_465,2,0,2,62,1,1,0.7675
Child_466,0,1,1,61,0,1,0.0
Child_467,2,1,2,74,0,1,0.8783333333333334
Child_468,1,1,1,77,1,1,0.37383852258852257
Child_469,1,1,2,59,0,1,0.30833333333333335
Child_470,1,0,2,73,1,1,0.7447047152194208
Child_471,1,0,1,74,0,1,0.4092346575337289
Child_472,0,1,1,60,0,1,0.0
Child_473,2,1,1,72,0,1,0.9308333333333334
Child_474,2,0,1,78,0,1,0.9971428571428571
Child_475,2,1,1,74,0,1,0.8683333333333334
Child_476,1,0,2,54,1,1,0.14480281156751743
Child_477,1,0,1,57,1,1,0.1360295728781023
Child_478,0,1,2,88,1,1,0.34
Child_479,2,0,2,85,0,1,1.0
Child_480,2,1,1,64,1,1,0.85
Child_481,1,1,1,86,1,1,0.93
Child_482,2,1,1,67,1,1,0.8466666666666667
Child_483,0,0,1,59,0,1,0.0025
Child_484,1,0,2,82,0,1,0.9866666666666667
Child_485,0,1,1,89,1,1,0.13342857142857142
Child_486,0,0,2,57,1,1,0.0
Child_487,1,0,1,51,1,1,0.1360295728781023
Child_488,0,0,2,78,0,1,0.5122405198430741
Child_489,0,1,2,84,1,1,0.02
Child_490,0,1,2,51,1,1,0.0
Child_491,0,0,1,82,0,1,0.22558690231263412
Child_492,0,1,1,75,0,1,0.0014285714285714286
Child_493,1,1,1,51,0,1,0.23788888888888887
Child_494,0,1,2,56,0,1,0.01
Child_495,1,0,1,84,1,1,0.9000246376811596
Child_496,2,0,1,83,1,1,0.987709090909091
Child_497,1,0,1,75,1,1,0.34004362865740584
Child_498,0,1,1,75,1,1,0.0
Child_499,2,0,1,70,1,1,0.9462240537240538
Child_500,1,0,1,57,1,1,0.1360295728781023
Child_501,1,1,2,77,0,1,0.5825
Child_502,0,1,1,52,1,1,0.0
Child_503,1,0,1,65,1,1,0.5123243582734198
Child_504,1,0,2,78,1,1,0.995957264957265
Child_505,2,0,1,86,1,1,1.0
Child_506,1,0,1,66,0,1,0.8870267849970874
Child_507,0,0,1,63,1,1,0.00490909090909091
Child_508,1,1,1,76,1,1,0.14193376068376068
Child_509,1,1,1,85,1,1,0.58
Child_510,1,1,1,55,1,1,0.04650000000000001
Child_511,0,1,1,61,1,1,0.0
Child_512,0,1,1,70,1,1,0.004285714285714285
Child_513,1,0,2,62,0,1,0.41996642246642246
Child_514,0,1,1,86,1,1,0.28
Child_515,1,1,1,70,1,1,0.20017765567765572
Child_516,2,0,2,64,1,1,0.8522222222222223
Child_517,1,0,1,69,0,1,0.8555168446450417
Child_518,0,0,2,85,1,1,0.061
Child_519,2,0,1,66,0,1,0.9764848484848484
Child_520,1,0,2,57,1,1,0.14480281156751743
Child_521,2,0,1,56,1,1,0.7811948051948053
Child_522,2,1,1,73,0,1,0.8883333333333334
Child_523,1,0,2,59,1,1,0.14480281156751743
Child_524,0,1,2,89,1,1,0.02
Child_525,1,1,2,54,0,1,0.30833333333333335
Child_526,0,1,1,88,0,1,0.96
Child_527,2,0,2,87,1,1,1.0
Child_528,2,1,1,65,0,1,0.8483333333333334
Child_529,2,0,1,50,1,1,0.7811948051948053
Child_530,0,1,1,61,1,1,0.0
Child_531,2,0,1,61,1,1,0.7731948051948053
Child_532,1,0,2,50,0,1,0.5361507936507938
Child_533,1,0,2,70,0,1,0.920552552685545
Child_534,1,0,1,68,0,1,0.8514051230333202
Child_535,1,1,2,74,1,1,0.24166666666666667
Child_536,0,1,2,51,0,1,0.01
Child_537,2,1,1,67,0,1,0.8583333333333334
Child_538,1,1,1,66,0,1,0.33568181818181814
Child_539,2,1,1,53,1,1,0.75
Child_540,1,1,1,56,0,1,0.23788888888888887
Child_541,0,1,1,68,0,1,0.0
Child_542,0,0,1,87,1,1,0.6781796204655337
Child_543,1,1,2,81,1,1,0.39
Child_544,2,1,2,79,0,1,0.8333333333333335
Child_545,1,0,1,62,0,1,0.33696692752482604
Child_546,1,0,2,50,1,1,0.14480281156751743
Child_547,1,0,2,83,0,1,0.9775
Child_548,0,0,1,65,1,1,0.0
Child_549,0,1,2,82,1,1,0.05
Child_550,0,1,2,69,1,1,0.005714285714285714
Child_551,2,1,1,72,1,1,0.9516666666666667
Child_552,1,0,1,63,1,1,0.4685281975105505
Child_553,0,0,2,52,1,1,0.0
Child_554,0,1,2,60,0,1,0.01
Child_555,1,1,2,78,1,1,0.43
Child_556,2,0,2,78,1,1,1.0
Child_557,2,1,1,64,0,1,0.8316666666666667
Child_558,2,1,1,60,0,1,0.7723333333333333
Child_559,0,0,2,57,1,1,0.0
Child_560,1,1,2,64,1,1,0.13986111111111113
Child_561,1,0,1,87,1,1,1.0
Child_562,2,0,1,57,0,1,0.8750367965367964
Child_563,1,1,1,59,1,1,0.04650000000000001
Child_564,1,0,2,70,1,1,0.8357598084276683
Child_565,1,1,2,82,1,1,0.4
Child_566,2,1,1,56,1,1,0.75
Child_567,2,0,1,51,1,1,0.7811948051948053
Child_568,2,1,1,77,0,1,0.8083333333333335
Child_569,1,1,2,87,1,1,0.89
Child_570,2,0,2,74,0,1,0.925
Child_571,1,1,2,71,1,1,0.308015873015873
Child_572,1,0,1,58,0,1,0.597565736990078
Child_573,2,0,1,87,0,1,1.0
Child_574,2,1,2,88,0,1,0.99
Child_575,1,0,2,61,0,1,0.4177045177045178
Child_576,0,1,1,60,1,1,0.0
Child_577,2,1,2,81,1,1,0.84
Child_578,1,0,1,54,0,1,0.597565736990078
Child_579,2,1,2,88,0,1,0.99
Child_580,1,0,1,72,0,1,0.7019624844026011
Child_581,1,0,2,61,1,1,0.12054653451124038
Child_582,1,0,1,71,1,1,0.7722257030682154
Child_583,1,0,1,54,1,1,0.1360295728781023
Child_584,2,1,2,81,0,1,0.8233333333333335
Child_585,0,0,2,59,0,1,0.0
Child_586,1,1,1,83,1,1,0.32
Child_587,2,1,1,56,0,1,0.7723333333333333
Child_588,1,0,1,66,0,1,0.8870267849970874
Child_589,1,1,2,82,0,1,0.5658333333333333
Child_590,2,0,2,69,0,1,0.9757575757575756
Child_591,1,1,1,67,1,1,0.19249184149184148
Child_592,1,1,1,84,0,1,0.42416666666666664
Child_593,1,1,2,62,0,1,0.30566666666666664
Child_594,1,0,2,72,0,1,0.8962747749077673
Child_595,1,1,1,85,0,1,0.6383333333333333
Child_596,1,0,1,55,1,1,0.1360295728781023
Child_597,1,0,2,86,0,1,1.0
Child_598,2,1,2,65,1,1,0.72
Child_599,0,1,2,78,0,1,0.1716666666666667
Child_600,2,0,2,57,1,1,0.745
Child_601,1,1,1,50,0,1,0.23788888888888887
Child_602,1,0,2,88,1,1,1.0
Child_603,1,1,2,75,0,1,0.5643333333333334
Child_604,0,1,2,87,0,1,0.69
Child_605,2,0,2,53,1,1,0.745
Child_606,0,1,2,67,0,1,0.01
Child_607,1,1,1,64,1,1,0.16111363636363635
Child_608,1,1,1,86,1,1,0.93
Child_609,1,0,2,58,1,1,0.14480281156751743
Child_610,1,1,1,77,1,1,0.37383852258852257
Child_611,2,1,1,60,0,1,0.7723333333333333
Child_612,1,1,2,69,1,1,0.2951587301587301
Child_613,0,1,2,62,1,1,0.0
Child_614,1,0,2,53,1,1,0.14480281156751743
Child_615,1,0,1,78,0,1,0.9925595238095236
Child_616,1,1,2,74,0,1,0.5118333333333333
Child_617,1,1,2,80,0,1,0.5958333333333333
Child_618,2,1,1,70,0,1,0.9235256410256412
Child_619,2,1,2,59,0,1,0.7183333333333334
Child_620,0,0,2,50,1,1,0.0
Child_621,1,1,1,57,0,1,0.23788888888888887
Child_622,2,0,2,50,1,1,0.745
Child_623,2,1,1,62,1,1,0.77
Child_624,2,1,1,84,1,1,0.84
Child_625,0,0,1,89,1,1,0.8171667790514779
Child_626,2,0,2,59,1,1,0.745
Child_627,1,1,2,67,0,1,0.46944444444444444
Child_628,2,0,2,56,1,1,0.745
Child_629,1,1,1,73,1,1,0.2612115384615385
Child_630,2,1,2,76,1,1,0.82
Child_631,1,1,2,82,1,1,0.4
Child_632,0,1,2,80,0,1,0.2316666666666667
Child_633,2,0,1,73,1,1,0.9250714285714287
Child_634,1,1,2,72,1,1,0.315515873015873
Child_635,1,0,2,51,0,1,0.5361507936507938
Child_636,1,1,1,63,0,1,0.22409523809523813
Child_637,1,1,2,51,1,1,0.09527777777777778
Child_638,1,0,2,75,0,1,0.7828613445378153
Child_639,2,0,1,65,1,1,0.9255079365079366
Child_640,1,1,1,63,0,1,0.22409523809523813
Child_641,1,0,2,72,0,1,0.8962747749077673
Child_642,1,1,2,55,1,1,0.09527777777777778
Child_643,2,0,1,54,1,1,0.7811948051948053
Child_644,0,1,2,64,1,1,0.0
Child_645,1,1,2,69,0,1,0.5317777777777778
Child_646,2,1,2,57,1,1,0.66
Child_647,2,1,2,87,1,1,0.9
Child_648,1,1,2,78,0,1,0.5825
Child_649,0,1,2,69,0,1,0.047857142857142855
Child_650,1,0,2,87,0,1,1.0
Child_651,2,1,2,71,0,1,0.8808333333333335
Child_652,2,1,2,74,0,1,0.8783333333333334
Child_653,1,1,1,81,0,1,0.3548039215686275
Child_654,1,0,2,82,0,1,0.9866666666666667
Child_655,0,0,1,75,0,1,0.009759702286018078
Child_656,1,0,1,50,1,1,0.1360295728781023
Child_657,2,0,1,59,1,1,0.7811948051948053
Child_658,1,1,2,63,0,1,0.36361111111111116
Child_659,2,0,2,74,1,1,0.94
Child_660,0,0,2,69,1,1,0.0077142857142857135
Child_661,1,1,2,84,0,1,0.6108333333333333
Child_662,0,1,2,60,1,1,0.0
Child_663,1,1,1,85,1,1,0.58
Child_664,1,0,1,60,1,1,0.1360295728781023
Child_665,0,1,2,75,0,1,0.04
Child_666,0,0,1,59,0,1,0.0025
Child_667,1,0,1,78,0,1,0.9925595238095236
Child_668,2,1,2,65,1,1,0.72
Child_669,0,1,1,58,1,1,0.0
Child_670,0,1,2,73,1,1,0.0
Child_671,1,1,1,74,0,1,0.32057051282051274
Child_672,2,1,2,64,1,1,0.73
Child_673,0,1,2,51,0,1,0.01
Child_674,1,0,1,61,0,1,0.3820199190087761
Child_675,2,1,2,69,0,1,0.8783333333333334
Child_676,2,1,2,77,0,1,0.8283333333333335
Child_677,0,0,2,53,1,1,0.0
Child_678,1,0,2,89,0,1,1.0
Child_679,0,0,2,69,0,1,0.10442784992784994
Child_680,1,0,1,53,0,1,0.597565736990078
Child_681,2,0,2,73,1,1,0.945
Child_682,2,1,1,81,1,1,0.86
Child_683,1,1,2,53,1,1,0.09527777777777778
Child_684,1,1,2,61,1,1,0.09861111111111111
Child_685,0,0,1,73,1,1,0.0
Child_686,1,1,2,81,1,1,0.39
Child_687,2,0,1,83,1,1,0.987709090909091
Child_688,1,0,2,66,0,1,0.8249255685585609
Child_689,0,0,2,78,1,1,0.8303247863247862
Child_690,0,1,1,54,0,1,0.0
Child_691,1,1,2,70,0,1,0.5548492063492063
Child_692,0,1,2,65,0,1,0.01
Child_693,0,1,1,62,1,1,0.0
Child_694,1,1,1,76,0,1,0.40190384615384617
Child_695,0,1,2,87,0,1,0.69
Child_696,1,1,2,58,0,1,0.30833333333333335
Child_697,0,0,2,75,0,1,0.0778564374222269
Child_698,1,1,2,67,0,1,0.46944444444444444
Child_699,1,1,1,69,1,1,0.20793956043956044
Child_700,0,1,2,76,1,1,0.02
Child_701,1,0,2,54,0,1,0.5361507936507938
Child_702,1,0,2,53,1,1,0.14480281156751743
Child_703,1,0,2,69,1,1,0.8741526655705253
Child_704,2,1,2,59,0,1,0.7183333333333334
Child_705,2,0,2,65,1,1,0.8422222222222223
Child_706,0,1,1,63,1,1,0.0
Child_707,1,0,1,62,0,1,0.33696692752482604
Child_708,0,0,1,79,0,1,0.09439730182687005
Child_709,0,0,2,81,1,1,0.215
Child_710,1,0,1,75,1,1,0.34004362865740584
Child_711,1,1,1,82,1,1,0.29
Child_712,0,0,1,71,0,1,0.01600501253132832
Child_713,1,1,2,80,1,1,0.38
Child_714,0,0,2,72,0,1,0.4979007542165435
Child_715,0,0,1,88,0,1,0.9937352941176469
Child_716,1,1,2,88,1,1,0.9
Child_717,1,1,1,82,0,1,0.3713039215686274
Child_718,1,0,2,87,1,1,1.0
Child_719,0,0,1,72,1,1,0.0
Child_720,0,0,2,83,0,1,0.5680119047619047
Child_721,2,1,2,80,1,1,0.84
Child_722,0,0,1,86,0,1,0.9908571428571428
Child_723,1,1,2,57,1,1,0.09527777777777778
Child_724,1,0,2,69,0,1,0.9273144574474498
Child_725,1,1,2,68,1,1,0.2701587301587301
Child_726,1,1,1,54,1,1,0.04650000000000001
Child_727,0,0,2,57,0,1,0.0
Child_728,0,0,2,73,1,1,0.005769230769230769
Child_729,1,1,2,81,1,1,0.39
Child_730,0,1,2,69,1,1,0.005714285714285714
Child_731,2,0,2,51,0,1,0.8418650793650794
Child_732,1,1,2,85,0,1,0.8233333333333335
Child_733,2,1,2,87,0,1,0.99
Child_734,1,1,2,73,1,1,0.2991666666666667
Child_735,1,1,1,55,0,1,0.23788888888888887
Child_736,2,0,2,86,1,1,0.99
Child_737,1,1,2,72,1,1,0.315515873015873
Child_738,0,0,1,77,1,1,0.7385657989671146
Child_739,0,1,2,79,1,1,0.2
Child_740,1,0,1,60,1,1,0.1360295728781023
Child_741,1,1,2,71,0,1,0.5931825396825396
Child_742,1,0,2,78,1,1,0.995957264957265
Child_743,2,1,2,50,1,1,0.66
Child_744,0,1,1,83,0,1,0.040761904761904756
Child_745,0,1,1,88,1,1,0.6034285714285715
Child_746,1,0,1,89,0,1,1.0
Child_747,0,1,1,87,1,1,0.2114285714285714
Child_748,1,1,2,77,0,1,0.5825
Child_749,1,0,1,78,0,1,0.9925595238095236
Child_750,1,1,1,77,0,1,0.4404166666666666
Child_751,2,0,2,51,0,1,0.8418650793650794
Child_752,0,1,2,60,1,1,0.0
Child_753,1,1,2,69,0,1,0.5317777777777778
Child_754,1,1,2,80,1,1,0.38
Child_755,1,0,2,71,1,1,0.9244338021550297
Child_756,1,1,2,64,1,1,0.13986111111111113
Child_757,1,1,2,56,1,1,0.09527777777777778
Child_758,0,0,1,51,1,1,0.0009090909090909091
Child_759,1,1,2,67,0,1,0.46944444444444444
Child_760,1,0,2,64,1,1,0.3188292892843878
Child_761,1,1,2,87,0,1,0.98
Child_762,1,1,1,79,1,1,0.23148809523809524
Child_763,1,0,1,51,0,1,0.597565736990078
Child_764,1,1,1,52,1,1,0.04650000000000001
Child_765,1,1,1,71,0,1,0.48460446132814544
Child_766,1,0,2,84,0,1,0.9975
Child_767,2,1,2,69,0,1,0.8783333333333334
Child_768,1,0,1,88,0,1,1.0
Child_769,0,0,2,78,0,1,0.5122405198430741
Child_770,2,1,1,67,1,1,0.8466666666666667
Child_771,1,0,1,59,1,1,0.1360295728781023
Child_772,2,1,1,70,0,1,0.9235256410256412
Child_773,2,1,1,71,1,1,0.9241666666666667
Child_774,2,0,2,64,0,1,0.8839242424242425
Child_775,0,1,2,71,1,1,0.0
Child_776,0,1,1,80,1,1,0.0
Child_777,2,1,2,65,0,1,0.7883333333333334
Child_778,1,0,2,68,1,1,0.8238020162198761
Child_779,1,0,2,58,1,1,0.14480281156751743
Child_780,1,1,2,85,0,1,0.8233333333333335
Child_781,1,0,1,52,0,1,0.597565736990078
Child_782,2,1,2,84,1,1,0.81
Child_783,2,1,1,70,0,1,0.9235256410256412
Child_784,0,1,1,78,1,1,0.004
Child_785,1,1,1,78,0,1,0.43041666666666667
Child_786,2,1,1,81,0,1,0.7933333333333334
Child_787,0,0,2,51,0,1,0.0
Child_788,1,0,1,58,0,1,0.597565736990078
Child_789,0,1,2,81,0,1,0.22166666666666668
Child_790,0,0,2,76,1,1,0.12249145299145298
Child_791,0,0,2,56,0,1,0.0
Child_792,2,0,2,56,1,1,0.745
Child_793,1,1,2,76,1,1,0.25666666666666665
Child_794,1,0,1,70,1,1,0.630931077908303
Child_795,0,0,2,79,1,1,0.7910833333333334
Child_796,2,0,1,76,1,1,0.9721428571428571
Child_797,1,1,1,68,1,1,0.19874725274725275
Child_798,0,0,1,71,0,1,0.01600501253132832
Child_799,0,0,2,87,0,1,0.9971428571428572
Child_800,2,1,1,75,1,1,0.87
Child_801,1,1,1,53,1,1,0.04650000000000001
Child_802,2,0,2,52,0,1,0.8418650793650794
Child_803,0,0,1,63,0,1,0.003333333333333333
Child_804,2,0,1,87,1,1,1.0
Child_805,2,0,2,87,0,1,1.0
Child_806,1,1,2,86,0,1,0.96
Child_807,1,0,2,89,1,1,1.0
Child_808,1,0,2,70,1,1,0.8357598084276683
Child_809,1,1,2,57,1,1,0.09527777777777778
Child_810,0,0,1,80,1,1,0.09524155681779517
Child_811,1,0,2,67,0,1,0.8929811241141163
Child_812,0,0,1,51,1,1,0.0009090909090909091
Child_813,0,1,1,61,0,1,0.0
Child_814,0,1,2,51,0,1,0.01
Child_815,0,1,1,51,0,1,0.0
Child_816,0,1,2,69,0,1,0.047857142857142855
Child_817,1,1,2,59,1,1,0.09527777777777778
Child_818,1,0,1,80,0,1,0.9960185185185185
Child_819,2,0,2,79,1,1,1.0
Child_820,1,1,1,60,0,1,0.23788888888888887
Child_821,2,1,2,79,1,1,0.83
Child_822,2,0,1,62,0,1,0.8603939393939395
Child_823,1,0,1,52,1,1,0.1360295728781023
Child_824,1,0,2,67,0,1,0.8929811241141163
Child_825,2,1,1,82,1,1,0.86
Child_826,2,1,2,85,1,1,0.85
Child_827,1,1,2,51,1,1,0.09527777777777778
Child_828,0,0,2,51,1,1,0.0
Child_829,2,0,2,68,0,1,0.9590909090909091
Child_830,1,1,2,59,0,1,0.30833333333333335
Child_831,1,1,2,88,1,1,0.9
Child_832,1,1,2,69,0,1,0.5317777777777778
Child_833,0,1,1,85,0,1,0.41
Child_834,1,0,2,85,0,1,1.0
Child_835,1,1,1,70,1,1,0.20017765567765572
Child_836,0,0,1,86,0,1,0.9908571428571428
Child_837,2,0,1,68,1,1,0.9265757020757022
Child_838,1,1,1,63,1,1,0.1294469696969697
Child_839,1,0,1,80,1,1,0.9710730897406091
Child_840,2,0,1,82,1,1,0.977709090909091
Child_841,1,1,2,58,1,1,0.09527777777777778
Child_842,1,1,1,83,0,1,0.4023039215686275
Child_843,1,0,1,65,0,1,0.8682692092395117
Child_844,2,1,2,57,1,1,0.66
Child_845,0,1,1,88,1,1,0.6034285714285715
Child_846,2,0,1,61,0,1,0.8266717171717173
Child_847,1,1,1,58,0,1,0.23788888888888887
Child_848,1,0,1,67,0,1,0.8356456661159685
Child_849,1,0,1,75,1,1,0.34004362865740584
Child_850,2,0,1,60,0,1,0.8750367965367964
Child_851,1,0,2,68,0,1,0.9106477907807832
Child_852,1,0,2,78,0,1,1.0
Child_853,1,0,1,87,1,1,1.0
Child_854,0,0,1,85,0,1,0.965
Child_855,0,0,1,55,0,1,0.0025
Child_856,1,0,1,57,0,1,0.597565736990078
Child_857,1,0,2,69,0,1,0.9273144574474498
Child_858,1,1,1,83,1,1,0.32
Child_859,2,0,1,63,0,1,0.9369292929292928
Child_860,2,0,2,80,1,1,0.99
Child_861,1,1,2,79,0,1,0.5791666666666666
Child_862,1,1,1,75,1,1,0.11804487179487179
Child_863,0,1,1,87,0,1,0.85
Child_864,2,1,1,59,0,1,0.7723333333333333
Child_865,0,0,1,77,0,1,0.23984217435175037
Child_866,1,0,1,65,1,1,0.5123243582734198
Child_867,1,0,2,50,0,1,0.5361507936507938
Child_868,1,1,1,79,0,1,0.36708333333333326
Child_869,0,1,2,61,0,1,0.01
Child_870,2,1,2,51,0,1,0.7183333333333334
Child_871,0,1,2,70,0,1,0.09469047619047619
Child_872,1,0,1,73,1,1,0.5800436402471232
Child_873,0,1,1,72,1,1,0.02
Child_874,2,1,2,89,1,1,0.88
Child_875,2,1,1,76,0,1,0.8583333333333334
Child_876,0,0,1,65,0,1,0.006666666666666666
Child_877,2,1,1,75,1,1,0.87
Child_878,2,0,2,89,1,1,1.0
Child_879,2,0,1,50,0,1,0.8750367965367964
Child_880,1,0,2,57,0,1,0.5361507936507938
Child_881,1,1,1,50,1,1,0.04650000000000001
Child_882,1,1,1,65,0,1,0.32234848484848483
Child_883,1,1,2,84,1,1,0.44
Child_884,0,1,2,83,1,1,0.01
Child_885,1,0,2,56,0,1,0.5361507936507938
Child_886,0,1,1,72,0,1,0.0225
Child_887,1,1,2,64,0,1,0.3861111111111111
Child_888,2,0,2,69,1,1,0.9799365079365079
Child_889,2,0,1,57,1,1,0.7811948051948053
Child_890,1,0,1,75,1,1,0.34004362865740584
Child_891,0,1,2,50,0,1,0.01
Child_892,2,1,2,66,0,1,0.8083333333333335
Child_893,2,1,1,78,1,1,0.87
Child_894,1,1,1,55,1,1,0.04650000000000001
Child_895,0,0,1,72,0,1,0.00950501253132832
Child_896,1,1,2,65,0,1,0.3927777777777778
Child_897,0,1,1,70,1,1,0.004285714285714285
Child_898,1,0,1,88,1,1,0.9895833333333335
Child_899,1,0,1,53,0,1,0.597565736990078
Child_900,0,0,2,53,1,1,0.0
Child_901,0,1,1,75,0,1,0.0014285714285714286
Child_902,1,0,1,67,0,1,0.8356456661159685
Child_903,1,0,1,53,0,1,0.597565736990078
Child_904,1,1,2,85,1,1,0.64
Child_905,0,0,1,65,1,1,0.0
Child_906,1,0,2,52,0,1,0.5361507936507938
Child_907,1,0,1,59,1,1,0.1360295728781023
Child_908,1,1,2,50,1,1,0.09527777777777778
Child_909,1,0,2,82,1,1,0.9873913043478261
Child_910,2,1,2,77,1,1,0.81
Child_911,1,1,1,63,0,1,0.22409523809523813
Child_912,1,0,2,79,1,1,0.9849647309212526
Child_913,0,0,2,54,1,1,0.0
Child_914,0,0,1,79,0,1,0.09439730182687005
Child_915,0,1,1,85,1,1,0.10830158730158729
Child_916,2,1,1,75,0,1,0.8983333333333334
Child_917,1,0,1,88,0,1,1.0
Child_918,2,0,1,71,0,1,0.9962337662337661
Child_919,2,1,2,74,1,1,0.85
Child_920,0,1,2,88,1,1,0.34
Child_921,2,0,2,73,1,1,0.945
Child_922,1,0,1,58,1,1,0.1360295728781023
Child_923,1,1,1,73,0,1,0.361403846153846
Child_924,0,1,2,50,1,1,0.0
Child_925,1,0,1,88,0,1,1.0
Child_926,1,1,1,64,0,1,0.2911103896103896
Child_927,1,0,2,78,1,1,0.995957264957265
Child_928,1,1,2,75,0,1,0.5643333333333334
Child_929,2,1,2,66,1,1,0.75
Child_930,0,0,2,85,1,1,0.061
Child_931,0,0,2,62,0,1,0.0
Child_932,2,1,1,73,0,1,0.8883333333333334
Child_933,0,1,2,71,0,1,0.2245
Child_934,1,1,1,56,1,1,0.04650000000000001
Child_935,1,0,1,58,1,1,0.1360295728781023
Child_936,0,0,1,54,0,1,0.0025
Child_937,1,1,2,52,0,1,0.30833333333333335
Child_938,0,0,2,80,0,1,0.6956835906611448
Child_939,1,0,1,55,0,1,0.597565736990078
Child_940,1,1,1,62,0,1,0.2026031746031746
Child_941,1,1,1,89,1,1,0.99
Child_942,2,1,2,88,1,1,0.9
Child_943,1,1,2,75,0,1,0.5643333333333334
Child_944,1,0,2,61,0,1,0.4177045177045178
Child_945,1,0,1,86,1,1,1.0
Child_946,0,1,2,76,0,1,0.19
Child_947,1,1,2,63,1,1,0.12986111111111112
Child_948,1,0,1,69,0,1,0.8555168446450417
Child_949,0,1,1,67,1,1,0.0
Child_950,1,0,2,58,1,1,0.14480281156751743
Child_951,1,0,1,87,0,1,1.0
Child_952,2,0,1,79,1,1,0.9943434343434343
Child_953,1,0,1,59,0,1,0.597565736990078
Child_954,1,0,1,52,1,1,0.1360295728781023
Child_955,1,0,2,87,1,1,1.0
Child_956,1,0,1,73,0,1,0.3983616416607129
Child_957,2,1,1,80,1,1,0.87
Child_958,1,1,2,51,1,1,0.09527777777777778
Child_959,1,1,2,67,0,1,0.46944444444444444
Child_960,2,0,1,54,0,1,0.8750367965367964
Child_961,2,0,1,83,0,1,0.9925
Child_962,2,0,1,60,1,1,0.7811948051948053
Child_963,1,1,1,65,0,1,0.32234848484848483
Child_964,2,1,2,56,1,1,0.66
Child_965,1,1,2,63,0,1,0.36361111111111116
Child_966,1,1,2,51,1,1,0.09527777777777778
Child_967,2,0,1,57,0,1,0.8750367965367964
Child_968,1,0,1,69,1,1,0.6991213206720748
Child_969,1,0,1,88,1,1,0.9895833333333335
Child_970,1,0,2,66,1,1,0.489276169825662
Child_971,2,1,2,78,1,1,0.84
Child_972,1,1,1,82,1,1,0.29
Child_973,0,1,2,77,0,1,0.2833333333333333
Child_974,2,1,2,75,1,1,0.83
Child_975,0,0,2,58,0,1,0.0
Child_976,2,0,2,81,1,1,0.99
Child_977,2,1,2,53,0,1,0.7183333333333334
Child_978,1,1,2,84,0,1,0.6108333333333333
Child_979,1,0,2,65,1,1,0.31632928928438786
Child_980,1,0,2,83,0,1,0.9775
Child_981,1,0,2,70,1,1,0.8357598084276683
Child_982,1,0,1,68,1,1,0.6463530770477943
Child_983,2,1,1,82,1,1,0.86
Child_984,1,0,2,72,0,1,0.8962747749077673
Child_985,0,1,1,70,0,1,0.005
Child_986,2,1,1,73,0,1,0.8883333333333334
Child_987,0,1,1,76,0,1,0.019761904761904762
Child_988,0,0,2,80,1,1,0.5636666666666668
Child_989,2,0,2,57,0,1,0.8418650793650794
Child_990,0,1,1,80,0,1,0.0014285714285714286
Child_991,1,1,2,59,0,1,0.30833333333333335
Child_992,1,1,2,66,0,1,0.42611111111111116
Child_993,1,1,2,57,0,1,0.30833333333333335
Child_994,2,0,2,78,1,1,1.0
Child_995,2,1,2,65,1,1,0.72
Child_996,2,0,2,76,1,1,0.9733333333333333
Child_997,1,1,2,52,1,1,0.09527777777777778
Child_998,2,0,2,71,0,1,0.9887575757575757
Child_999,0,0,2,61,0,1,0.0
Child_1000,1,1,1,66,0,1,0.33568181818181814
