Child_ID,rs429358,rs7412,rs3851179,Age,Sex,FamilyHistory
Child_1,0,1,2,69,1,1
Child_2,0,0,2,60,0,1
Child_3,2,0,2,85,1,1
Child_4,2,1,1,57,0,1
Child_5,1,1,2,53,0,1
Child_6,2,1,2,52,1,1
Child_7,0,1,2,54,0,1
Child_8,0,1,2,84,0,1
Child_9,1,1,1,69,1,1
Child_10,1,1,2,61,0,1
Child_11,0,1,2,55,1,1
Child_12,0,1,2,75,0,1
Child_13,2,0,1,62,0,1
Child_14,2,0,2,57,1,1
Child_15,2,1,1,80,1,1
Child_16,2,1,1,77,1,1
Child_17,1,1,1,70,0,1
Child_18,1,1,1,80,0,1
Child_19,2,1,2,72,0,1
Child_20,0,0,1,75,1,1
Child_21,0,0,2,57,1,1
Child_22,1,1,1,82,1,1
Child_23,1,0,2,62,1,1
Child_24,2,1,1,74,1,1
Child_25,0,1,1,50,1,1
Child_26,2,1,2,67,0,1
Child_27,1,1,2,87,0,1
Child_28,1,0,2,65,1,1
Child_29,2,1,2,86,1,1
Child_30,2,0,1,52,1,1
Child_31,1,1,2,60,1,1
Child_32,0,1,1,81,0,1
Child_33,1,0,2,86,0,1
Child_34,1,1,1,85,0,1
Child_35,1,1,1,66,0,1
Child_36,1,1,2,54,0,1
Child_37,2,0,1,65,1,1
Child_38,2,0,1,79,0,1
Child_39,2,0,1,57,1,1
Child_40,0,0,2,57,0,1
Child_41,2,1,1,64,1,1
Child_42,1,1,2,84,0,1
Child_43,1,0,1,75,0,1
Child_44,1,0,1,58,1,1
Child_45,1,1,2,78,1,1
Child_46,1,1,2,51,0,1
Child_47,1,1,2,87,1,1
Child_48,1,0,1,52,0,1
Child_49,1,1,2,83,0,1
Child_50,1,0,1,62,0,1
Child_51,0,0,1,84,0,1
Child_52,0,0,1,70,0,1
Child_53,1,1,1,85,0,1
Child_54,0,1,1,77,0,1
Child_55,1,1,2,81,1,1
Child_56,2,0,2,82,1,1
Child_57,2,1,2,60,0,1
Child_58,0,1,1,87,0,1
Child_59,1,1,2,55,0,1
Child_60,0,0,2,52,1,1
Child_61,1,1,1,81,0,1
Child_62,1,0,2,89,0,1
Child_63,1,0,2,66,0,1
Child_64,2,1,2,69,0,1
Child_65,1,1,2,64,1,1
Child_66,2,1,1,52,0,1
Child_67,1,1,2,80,0,1
Child_68,1,1,2,75,0,1
Child_69,1,0,2,82,0,1
Child_70,1,1,2,78,0,1
Child_71,2,0,1,57,0,1
Child_72,1,0,2,64,0,1
Child_73,1,0,1,52,0,1
Child_74,2,1,1,58,0,1
Child_75,1,1,1,87,0,1
Child_76,1,0,2,84,1,1
Child_77,2,0,2,62,1,1
Child_78,2,1,1,75,0,1
Child_79,1,1,1,78,1,1
Child_80,1,0,2,59,1,1
Child_81,1,0,2,73,1,1
Child_82,2,0,2,72,1,1
Child_83,1,1,2,79,1,1
Child_84,2,0,2,67,1,1
Child_85,1,0,2,64,1,1
Child_86,1,1,1,83,1,1
Child_87,1,1,1,87,0,1
Child_88,1,1,2,88,0,1
Child_89,1,1,2,81,0,1
Child_90,0,1,2,70,1,1
Child_91,0,1,1,51,1,1
Child_92,0,1,2,70,0,1
Child_93,1,1,1,82,0,1
Child_94,1,1,1,86,1,1
Child_95,2,1,1,60,0,1
Child_96,0,1,2,52,1,1
Child_97,1,1,2,74,1,1
Child_98,1,1,2,86,1,1
Child_99,2,1,2,72,1,1
Child_100,1,0,1,56,1,1
Child_101,0,0,1,73,0,1
Child_102,0,1,1,62,1,1
Child_103,0,0,1,62,1,1
Child_104,1,1,2,55,0,1
Child_105,1,1,2,78,0,1
Child_106,1,1,2,75,1,1
Child_107,1,1,2,61,0,1
Child_108,2,0,1,59,0,1
Child_109,2,0,1,65,1,1
Child_110,2,1,1,62,0,1
Child_111,1,0,1,89,1,1
Child_112,0,0,1,86,1,1
Child_113,1,0,1,67,1,1
Child_114,1,0,2,62,0,1
Child_115,1,0,2,66,0,1
Child_116,1,0,2,56,1,1
Child_117,1,0,1,83,0,1
Child_118,1,0,2,53,1,1
Child_119,0,0,1,73,0,1
Child_120,1,0,1,81,0,1
Child_121,1,0,2,56,1,1
Child_122,2,0,1,85,0,1
Child_123,2,0,1,85,1,1
Child_124,0,1,1,89,1,1
Child_125,1,1,2,68,0,1
Child_126,2,0,2,53,1,1
Child_127,1,1,2,81,1,1
Child_128,2,0,2,69,1,1
Child_129,1,1,2,59,1,1
Child_130,2,1,2,66,0,1
Child_131,1,1,1,62,0,1
Child_132,0,1,2,50,1,1
Child_133,0,0,2,77,1,1
Child_134,1,0,2,61,0,1
Child_135,0,0,2,72,1,1
Child_136,0,1,1,74,0,1
Child_137,0,1,1,76,1,1
Child_138,2,1,1,82,1,1
Child_139,2,0,1,78,0,1
Child_140,1,1,2,76,0,1
Child_141,1,1,2,82,0,1
Child_142,2,1,1,79,1,1
Child_143,2,0,1,54,0,1
Child_144,1,0,2,63,1,1
Child_145,1,1,1,84,0,1
Child_146,0,0,1,86,0,1
Child_147,2,1,1,69,0,1
Child_148,0,0,2,60,0,1
Child_149,2,0,2,86,0,1
Child_150,0,0,1,76,0,1
Child_151,1,0,1,82,1,1
Child_152,2,1,2,59,0,1
Child_153,1,0,2,74,1,1
Child_154,0,0,1,66,0,1
Child_155,1,1,2,51,0,1
Child_156,1,1,1,81,0,1
Child_157,1,0,2,74,1,1
Child_158,0,1,1,57,1,1
Child_159,0,0,1,74,0,1
Child_160,1,0,1,67,0,1
Child_161,1,0,1,77,1,1
Child_162,1,1,2,55,0,1
Child_163,0,0,1,59,1,1
Child_164,2,1,2,89,1,1
Child_165,1,0,2,68,0,1
Child_166,2,1,2,56,1,1
Child_167,2,1,2,54,1,1
Child_168,1,0,1,76,0,1
Child_169,2,1,2,75,0,1
Child_170,1,0,1,59,0,1
Child_171,2,1,1,76,0,1
Child_172,0,1,2,66,0,1
Child_173,1,1,1,80,0,1
Child_174,1,1,1,67,0,1
Child_175,0,1,2,51,1,1
Child_176,1,0,2,67,0,1
Child_177,1,0,1,80,0,1
Child_178,1,0,2,88,1,1
Child_179,2,0,1,80,0,1
Child_180,2,1,2,77,1,1
Child_181,1,0,2,79,0,1
Child_182,2,1,1,67,0,1
Child_183,2,1,2,66,0,1
Child_184,2,1,2,65,0,1
Child_185,2,0,1,70,0,1
Child_186,2,1,1,81,0,1
Child_187,1,0,1,84,1,1
Child_188,2,1,2,81,1,1
Child_189,2,0,1,69,0,1
Child_190,2,0,2,53,0,1
Child_191,2,1,2,64,1,1
Child_192,2,0,2,58,0,1
Child_193,1,1,2,64,0,1
Child_194,1,1,1,83,0,1
Child_195,1,0,1,54,1,1
Child_196,1,1,2,66,1,1
Child_197,0,1,2,59,0,1
Child_198,1,1,1,50,0,1
Child_199,2,0,1,88,0,1
Child_200,1,1,1,55,1,1
Child_201,1,0,1,79,0,1
Child_202,2,0,2,68,1,1
Child_203,2,0,1,51,1,1
Child_204,2,1,1,65,0,1
Child_205,1,0,2,51,0,1
Child_206,1,0,2,71,1,1
Child_207,0,0,1,50,0,1
Child_208,0,0,1,60,1,1
Child_209,2,1,1,78,1,1
Child_210,1,0,2,52,0,1
Child_211,2,1,2,75,1,1
Child_212,0,1,2,62,1,1
Child_213,1,0,1,72,1,1
Child_214,0,0,2,75,0,1
Child_215,2,1,1,72,0,1
Child_216,1,0,1,84,0,1
Child_217,1,0,2,85,1,1
Child_218,1,0,1,84,0,1
Child_219,2,0,2,75,1,1
Child_220,0,0,2,85,1,1
Child_221,2,0,1,53,0,1
Child_222,0,1,2,83,1,1
Child_223,0,1,1,53,1,1
Child_224,1,0,2,67,0,1
Child_225,2,1,1,58,0,1
Child_226,1,0,2,62,0,1
Child_227,0,0,1,67,1,1
Child_228,1,1,2,81,1,1
Child_229,0,0,1,80,1,1
Child_230,1,1,2,89,1,1
Child_231,1,0,1,63,0,1
Child_232,1,0,1,84,1,1
Child_233,1,0,2,78,1,1
Child_234,1,1,1,85,1,1
Child_235,0,1,2,72,0,1
Child_236,1,1,2,66,0,1
Child_237,0,0,1,56,0,1
Child_238,1,1,2,76,0,1
Child_239,1,0,2,86,0,1
Child_240,1,1,1,84,0,1
Child_241,1,0,2,67,1,1
Child_242,1,1,1,56,0,1
Child_243,1,0,1,69,0,1
Child_244,2,0,2,78,0,1
Child_245,1,1,2,51,1,1
Child_246,1,0,2,54,0,1
Child_247,1,1,2,81,1,1
Child_248,1,0,2,58,0,1
Child_249,2,0,2,77,1,1
Child_250,0,0,1,70,0,1
Child_251,0,1,2,64,1,1
Child_252,1,1,1,83,1,1
Child_253,1,0,2,73,1,1
Child_254,1,0,1,71,1,1
Child_255,2,0,1,62,1,1
Child_256,2,0,1,54,0,1
Child_257,0,1,2,70,0,1
Child_258,1,1,2,67,1,1
Child_259,2,1,1,76,1,1
Child_260,1,0,1,88,0,1
Child_261,1,1,1,87,0,1
Child_262,1,0,1,77,1,1
Child_263,1,0,2,84,0,1
Child_264,0,0,1,79,1,1
Child_265,0,1,2,66,1,1
Child_266,0,1,1,61,0,1
Child_267,2,1,1,64,1,1
Child_268,0,0,2,69,1,1
Child_269,1,1,2,80,1,1
Child_270,0,0,1,70,1,1
Child_271,1,0,2,53,1,1
Child_272,2,0,1,56,0,1
Child_273,2,1,1,52,1,1
Child_274,0,1,2,61,0,1
Child_275,1,0,1,50,0,1
Child_276,1,0,1,57,0,1
Child_277,2,1,2,84,0,1
Child_278,2,0,1,75,1,1
Child_279,2,1,2,74,0,1
Child_280,0,1,2,84,0,1
Child_281,1,1,2,53,1,1
Child_282,2,0,2,74,1,1
Child_283,1,0,2,86,1,1
Child_284,1,1,2,77,0,1
Child_285,0,0,2,69,0,1
Child_286,1,1,1,50,1,1
Child_287,1,1,2,52,0,1
Child_288,1,0,2,70,1,1
Child_289,1,1,1,71,1,1
Child_290,0,1,2,74,1,1
Child_291,0,1,1,76,1,1
Child_292,0,1,2,88,0,1
Child_293,1,0,1,80,1,1
Child_294,2,1,2,78,1,1
Child_295,0,0,2,62,1,1
Child_296,2,0,2,50,0,1
Child_297,2,1,2,67,1,1
Child_298,0,1,2,85,0,1
Child_299,1,0,2,78,1,1
Child_300,1,0,2,55,1,1
Child_301,2,1,1,86,1,1
Child_302,0,0,1,86,0,1
Child_303,1,1,2,82,1,1
Child_304,2,1,1,55,1,1
Child_305,2,0,1,58,0,1
Child_306,0,0,2,60,0,1
Child_307,0,1,2,69,1,1
Child_308,1,1,1,52,0,1
Child_309,1,0,1,57,1,1
Child_310,1,0,1,83,1,1
Child_311,1,1,1,55,0,1
Child_312,0,0,2,88,1,1
Child_313,0,0,2,71,1,1
Child_314,0,1,1,69,0,1
Child_315,0,1,1,61,0,1
Child_316,0,1,1,57,0,1
Child_317,2,1,1,82,1,1
Child_318,1,1,2,80,0,1
Child_319,1,0,1,54,0,1
Child_320,0,0,2,53,1,1
Child_321,1,0,2,65,1,1
Child_322,1,0,1,87,0,1
Child_323,2,0,1,52,1,1
Child_324,1,1,2,51,1,1
Child_325,1,1,1,51,1,1
Child_326,1,1,2,82,0,1
Child_327,0,1,1,63,0,1
Child_328,1,0,1,73,1,1
Child_329,1,1,2,62,1,1
Child_330,1,1,2,85,0,1
Child_331,1,0,1,89,1,1
Child_332,1,0,2,55,0,1
Child_333,0,0,2,62,1,1
Child_334,1,1,2,66,0,1
Child_335,1,1,1,76,0,1
Child_336,1,1,2,63,0,1
Child_337,1,0,1,74,1,1
Child_338,1,0,2,50,0,1
Child_339,2,1,1,53,1,1
Child_340,0,1,1,53,1,1
Child_341,2,1,1,78,1,1
Child_342,2,0,2,54,1,1
Child_343,1,0,2,71,0,1
Child_344,1,1,1,65,0,1
Child_345,0,0,2,63,1,1
Child_346,1,1,1,61,1,1
Child_347,1,1,2,64,0,1
Child_348,1,1,1,84,1,1
Child_349,1,0,1,84,1,1
Child_350,0,0,1,86,0,1
Child_351,0,0,1,54,1,1
Child_352,1,1,2,77,1,1
Child_353,0,0,1,89,0,1
Child_354,0,0,2,51,0,1
Child_355,0,0,2,86,0,1
Child_356,0,1,1,82,1,1
Child_357,1,0,1,85,1,1
Child_358,2,1,2,85,1,1
Child_359,1,1,2,53,1,1
Child_360,1,1,2,56,1,1
Child_361,1,1,1,60,1,1
Child_362,0,1,2,66,1,1
Child_363,2,0,2,85,1,1
Child_364,1,1,1,78,0,1
Child_365,1,1,1,86,0,1
Child_366,1,0,1,58,0,1
Child_367,1,1,2,76,1,1
Child_368,2,0,1,78,1,1
Child_369,1,1,2,75,1,1
Child_370,2,1,2,65,0,1
Child_371,1,1,1,82,0,1
Child_372,1,0,1,52,1,1
Child_373,2,1,2,87,0,1
Child_374,1,0,1,65,1,1
Child_375,1,0,2,75,0,1
Child_376,1,1,1,88,1,1
Child_377,1,1,1,79,0,1
Child_378,0,1,2,76,1,1
Child_379,0,0,1,67,1,1
Child_380,1,0,1,74,1,1
Child_381,1,0,2,73,1,1
Child_382,1,1,2,68,1,1
Child_383,1,0,1,55,1,1
Child_384,1,0,2,79,0,1
Child_385,0,1,2,75,0,1
Child_386,0,0,1,85,0,1
Child_387,1,0,2,71,0,1
Child_388,1,0,1,65,1,1
Child_389,1,1,2,54,1,1
Child_390,2,0,1,88,1,1
Child_391,2,0,2,78,1,1
Child_392,0,0,2,66,0,1
Child_393,1,0,2,66,1,1
Child_394,1,0,1,57,0,1
Child_395,1,0,1,82,0,1
Child_396,2,1,2,70,1,1
Child_397,0,1,2,61,0,1
Child_398,2,1,2,76,0,1
Child_399,1,0,2,86,1,1
Child_400,0,0,2,55,0,1
Child_401,0,1,2,76,1,1
Child_402,0,0,2,68,1,1
Child_403,1,1,2,75,0,1
Child_404,0,0,2,50,0,1
Child_405,0,0,2,53,0,1
Child_406,1,1,2,57,0,1
Child_407,1,0,2,85,0,1
Child_408,0,1,2,89,1,1
Child_409,2,1,1,74,0,1
Child_410,1,0,2,80,0,1
Child_411,1,1,2,81,1,1
Child_412,1,1,1,76,1,1
Child_413,1,1,1,89,1,1
Child_414,0,1,1,60,0,1
Child_415,0,0,2,67,1,1
Child_416,1,0,1,63,0,1
Child_417,1,1,2,51,0,1
Child_418,2,1,1,55,1,1
Child_419,0,1,2,83,0,1
Child_420,1,0,2,82,0,1
Child_421,1,0,1,53,0,1
Child_422,2,0,1,61,1,1
Child_423,2,0,2,74,1,1
Child_424,1,1,1,52,1,1
Child_425,1,0,1,56,1,1
Child_426,0,0,1,84,0,1
Child_427,0,1,2,55,0,1
Child_428,1,0,1,59,0,1
Child_429,2,1,2,65,0,1
Child_430,1,0,2,63,0,1
Child_431,1,1,1,77,0,1
Child_432,1,0,2,77,0,1
Child_433,1,1,2,87,1,1
Child_434,1,0,2,89,0,1
Child_435,1,1,1,82,1,1
Child_436,1,1,2,78,0,1
Child_437,1,1,2,88,0,1
Child_438,0,1,1,58,0,1
Child_439,2,1,2,61,0,1
Child_440,1,1,1,79,0,1
Child_441,1,1,2,53,1,1
Child_442,1,1,1,56,1,1
Child_443,0,1,2,76,0,1
Child_444,1,1,1,51,1,1
Child_445,1,0,1,74,1,1
Child_446,1,0,1,68,0,1
Child_447,0,0,2,62,0,1
Child_448,1,1,2,59,1,1
Child_449,1,1,2,69,0,1
Child_450,1,0,2,59,0,1
Child_451,1,1,1,83,0,1
Child_452,2,1,1,87,0,1
Child_453,0,0,1,77,0,1
Child_454,1,0,2,66,1,1
Child_455,1,0,1,79,1,1
Child_456,0,1,1,82,1,1
Child_457,2,1,2,70,1,1
Child_458,0,1,2,73,1,1
Child_459,0,1,1,61,0,1
Child_460,1,0,1,75,1,1
Child_461,0,1,1,80,1,1
Child_462,2,1,1,63,0,1
Child_463,2,0,1,67,0,1
Child_464,1,1,2,75,0,1
Child_465,2,0,2,62,1,1
Child_466,0,1,1,61,0,1
Child_467,2,1,2,74,0,1
Child_468,1,1,1,77,1,1
Child_469,1,1,2,59,0,1
Child_470,1,0,2,73,1,1
Child_471,1,0,1,74,0,1
Child_472,0,1,1,60,0,1
Child_473,2,1,1,72,0,1
Child_474,2,0,1,78,0,1
Child_475,2,1,1,74,0,1
Child_476,1,0,2,54,1,1
Child_477,1,0,1,57,1,1
Child_478,0,1,2,88,1,1
Child_479,2,0,2,85,0,1
Child_480,2,1,1,64,1,1
Child_481,1,1,1,86,1,1
Child_482,2,1,1,67,1,1
Child_483,0,0,1,59,0,1
Child_484,1,0,2,82,0,1
Child_485,0,1,1,89,1,1
Child_486,0,0,2,57,1,1
Child_487,1,0,1,51,1,1
Child_488,0,0,2,78,0,1
Child_489,0,1,2,84,1,1
Child_490,0,1,2,51,1,1
Child_491,0,0,1,82,0,1
Child_492,0,1,1,75,0,1
Child_493,1,1,1,51,0,1
Child_494,0,1,2,56,0,1
Child_495,1,0,1,84,1,1
Child_496,2,0,1,83,1,1
Child_497,1,0,1,75,1,1
Child_498,0,1,1,75,1,1
Child_499,2,0,1,70,1,1
Child_500,1,0,1,57,1,1
Child_501,1,1,2,77,0,1
Child_502,0,1,1,52,1,1
Child_503,1,0,1,65,1,1
Child_504,1,0,2,78,1,1
Child_505,2,0,1,86,1,1
Child_506,1,0,1,66,0,1
Child_507,0,0,1,63,1,1
Child_508,1,1,1,76,1,1
Child_509,1,1,1,85,1,1
Child_510,1,1,1,55,1,1
Child_511,0,1,1,61,1,1
Child_512,0,1,1,70,1,1
Child_513,1,0,2,62,0,1
Child_514,0,1,1,86,1,1
Child_515,1,1,1,70,1,1
Child_516,2,0,2,64,1,1
Child_517,1,0,1,69,0,1
Child_518,0,0,2,85,1,1
Child_519,2,0,1,66,0,1
Child_520,1,0,2,57,1,1
Child_521,2,0,1,56,1,1
Child_522,2,1,1,73,0,1
Child_523,1,0,2,59,1,1
Child_524,0,1,2,89,1,1
Child_525,1,1,2,54,0,1
Child_526,0,1,1,88,0,1
Child_527,2,0,2,87,1,1
Child_528,2,1,1,65,0,1
Child_529,2,0,1,50,1,1
Child_530,0,1,1,61,1,1
Child_531,2,0,1,61,1,1
Child_532,1,0,2,50,0,1
Child_533,1,0,2,70,0,1
Child_534,1,0,1,68,0,1
Child_535,1,1,2,74,1,1
Child_536,0,1,2,51,0,1
Child_537,2,1,1,67,0,1
Child_538,1,1,1,66,0,1
Child_539,2,1,1,53,1,1
Child_540,1,1,1,56,0,1
Child_541,0,1,1,68,0,1
Child_542,0,0,1,87,1,1
Child_543,1,1,2,81,1,1
Child_544,2,1,2,79,0,1
Child_545,1,0,1,62,0,1
Child_546,1,0,2,50,1,1
Child_547,1,0,2,83,0,1
Child_548,0,0,1,65,1,1
Child_549,0,1,2,82,1,1
Child_550,0,1,2,69,1,1
Child_551,2,1,1,72,1,1
Child_552,1,0,1,63,1,1
Child_553,0,0,2,52,1,1
Child_554,0,1,2,60,0,1
Child_555,1,1,2,78,1,1
Child_556,2,0,2,78,1,1
Child_557,2,1,1,64,0,1
Child_558,2,1,1,60,0,1
Child_559,0,0,2,57,1,1
Child_560,1,1,2,64,1,1
Child_561,1,0,1,87,1,1
Child_562,2,0,1,57,0,1
Child_563,1,1,1,59,1,1
Child_564,1,0,2,70,1,1
Child_565,1,1,2,82,1,1
Child_566,2,1,1,56,1,1
Child_567,2,0,1,51,1,1
Child_568,2,1,1,77,0,1
Child_569,1,1,2,87,1,1
Child_570,2,0,2,74,0,1
Child_571,1,1,2,71,1,1
Child_572,1,0,1,58,0,1
Child_573,2,0,1,87,0,1
Child_574,2,1,2,88,0,1
Child_575,1,0,2,61,0,1
Child_576,0,1,1,60,1,1
Child_577,2,1,2,81,1,1
Child_578,1,0,1,54,0,1
Child_579,2,1,2,88,0,1
Child_580,1,0,1,72,0,1
Child_581,1,0,2,61,1,1
Child_582,1,0,1,71,1,1
Child_583,1,0,1,54,1,1
Child_584,2,1,2,81,0,1
Child_585,0,0,2,59,0,1
Child_586,1,1,1,83,1,1
Child_587,2,1,1,56,0,1
Child_588,1,0,1,66,0,1
Child_589,1,1,2,82,0,1
Child_590,2,0,2,69,0,1
Child_591,1,1,1,67,1,1
Child_592,1,1,1,84,0,1
Child_593,1,1,2,62,0,1
Child_594,1,0,2,72,0,1
Child_595,1,1,1,85,0,1
Child_596,1,0,1,55,1,1
Child_597,1,0,2,86,0,1
Child_598,2,1,2,65,1,1
Child_599,0,1,2,78,0,1
Child_600,2,0,2,57,1,1
Child_601,1,1,1,50,0,1
Child_602,1,0,2,88,1,1
Child_603,1,1,2,75,0,1
Child_604,0,1,2,87,0,1
Child_605,2,0,2,53,1,1
Child_606,0,1,2,67,0,1
Child_607,1,1,1,64,1,1
Child_608,1,1,1,86,1,1
Child_609,1,0,2,58,1,1
Child_610,1,1,1,77,1,1
Child_611,2,1,1,60,0,1
Child_612,1,1,2,69,1,1
Child_613,0,1,2,62,1,1
Child_614,1,0,2,53,1,1
Child_615,1,0,1,78,0,1
Child_616,1,1,2,74,0,1
Child_617,1,1,2,80,0,1
Child_618,2,1,1,70,0,1
Child_619,2,1,2,59,0,1
Child_620,0,0,2,50,1,1
Child_621,1,1,1,57,0,1
Child_622,2,0,2,50,1,1
Child_623,2,1,1,62,1,1
Child_624,2,1,1,84,1,1
Child_625,0,0,1,89,1,1
Child_626,2,0,2,59,1,1
Child_627,1,1,2,67,0,1
Child_628,2,0,2,56,1,1
Child_629,1,1,1,73,1,1
Child_630,2,1,2,76,1,1
Child_631,1,1,2,82,1,1
Child_632,0,1,2,80,0,1
Child_633,2,0,1,73,1,1
Child_634,1,1,2,72,1,1
Child_635,1,0,2,51,0,1
Child_636,1,1,1,63,0,1
Child_637,1,1,2,51,1,1
Child_638,1,0,2,75,0,1
Child_639,2,0,1,65,1,1
Child_640,1,1,1,63,0,1
Child_641,1,0,2,72,0,1
Child_642,1,1,2,55,1,1
Child_643,2,0,1,54,1,1
Child_644,0,1,2,64,1,1
Child_645,1,1,2,69,0,1
Child_646,2,1,2,57,1,1
Child_647,2,1,2,87,1,1
Child_648,1,1,2,78,0,1
Child_649,0,1,2,69,0,1
Child_650,1,0,2,87,0,1
Child_651,2,1,2,71,0,1
Child_652,2,1,2,74,0,1
Child_653,1,1,1,81,0,1
Child_654,1,0,2,82,0,1
Child_655,0,0,1,75,0,1
Child_656,1,0,1,50,1,1
Child_657,2,0,1,59,1,1
Child_658,1,1,2,63,0,1
Child_659,2,0,2,74,1,1
Child_660,0,0,2,69,1,1
Child_661,1,1,2,84,0,1
Child_662,0,1,2,60,1,1
Child_663,1,1,1,85,1,1
Child_664,1,0,1,60,1,1
Child_665,0,1,2,75,0,1
Child_666,0,0,1,59,0,1
Child_667,1,0,1,78,0,1
Child_668,2,1,2,65,1,1
Child_669,0,1,1,58,1,1
Child_670,0,1,2,73,1,1
Child_671,1,1,1,74,0,1
Child_672,2,1,2,64,1,1
Child_673,0,1,2,51,0,1
Child_674,1,0,1,61,0,1
Child_675,2,1,2,69,0,1
Child_676,2,1,2,77,0,1
Child_677,0,0,2,53,1,1
Child_678,1,0,2,89,0,1
Child_679,0,0,2,69,0,1
Child_680,1,0,1,53,0,1
Child_681,2,0,2,73,1,1
Child_682,2,1,1,81,1,1
Child_683,1,1,2,53,1,1
Child_684,1,1,2,61,1,1
Child_685,0,0,1,73,1,1
Child_686,1,1,2,81,1,1
Child_687,2,0,1,83,1,1
Child_688,1,0,2,66,0,1
Child_689,0,0,2,78,1,1
Child_690,0,1,1,54,0,1
Child_691,1,1,2,70,0,1
Child_692,0,1,2,65,0,1
Child_693,0,1,1,62,1,1
Child_694,1,1,1,76,0,1
Child_695,0,1,2,87,0,1
Child_696,1,1,2,58,0,1
Child_697,0,0,2,75,0,1
Child_698,1,1,2,67,0,1
Child_699,1,1,1,69,1,1
Child_700,0,1,2,76,1,1
Child_701,1,0,2,54,0,1
Child_702,1,0,2,53,1,1
Child_703,1,0,2,69,1,1
Child_704,2,1,2,59,0,1
Child_705,2,0,2,65,1,1
Child_706,0,1,1,63,1,1
Child_707,1,0,1,62,0,1
Child_708,0,0,1,79,0,1
Child_709,0,0,2,81,1,1
Child_710,1,0,1,75,1,1
Child_711,1,1,1,82,1,1
Child_712,0,0,1,71,0,1
Child_713,1,1,2,80,1,1
Child_714,0,0,2,72,0,1
Child_715,0,0,1,88,0,1
Child_716,1,1,2,88,1,1
Child_717,1,1,1,82,0,1
Child_718,1,0,2,87,1,1
Child_719,0,0,1,72,1,1
Child_720,0,0,2,83,0,1
Child_721,2,1,2,80,1,1
Child_722,0,0,1,86,0,1
Child_723,1,1,2,57,1,1
Child_724,1,0,2,69,0,1
Child_725,1,1,2,68,1,1
Child_726,1,1,1,54,1,1
Child_727,0,0,2,57,0,1
Child_728,0,0,2,73,1,1
Child_729,1,1,2,81,1,1
Child_730,0,1,2,69,1,1
Child_731,2,0,2,51,0,1
Child_732,1,1,2,85,0,1
Child_733,2,1,2,87,0,1
Child_734,1,1,2,73,1,1
Child_735,1,1,1,55,0,1
Child_736,2,0,2,86,1,1
Child_737,1,1,2,72,1,1
Child_738,0,0,1,77,1,1
Child_739,0,1,2,79,1,1
Child_740,1,0,1,60,1,1
Child_741,1,1,2,71,0,1
Child_742,1,0,2,78,1,1
Child_743,2,1,2,50,1,1
Child_744,0,1,1,83,0,1
Child_745,0,1,1,88,1,1
Child_746,1,0,1,89,0,1
Child_747,0,1,1,87,1,1
Child_748,1,1,2,77,0,1
Child_749,1,0,1,78,0,1
Child_750,1,1,1,77,0,1
Child_751,2,0,2,51,0,1
Child_752,0,1,2,60,1,1
Child_753,1,1,2,69,0,1
Child_754,1,1,2,80,1,1
Child_755,1,0,2,71,1,1
Child_756,1,1,2,64,1,1
Child_757,1,1,2,56,1,1
Child_758,0,0,1,51,1,1
Child_759,1,1,2,67,0,1
Child_760,1,0,2,64,1,1
Child_761,1,1,2,87,0,1
Child_762,1,1,1,79,1,1
Child_763,1,0,1,51,0,1
Child_764,1,1,1,52,1,1
Child_765,1,1,1,71,0,1
Child_766,1,0,2,84,0,1
Child_767,2,1,2,69,0,1
Child_768,1,0,1,88,0,1
Child_769,0,0,2,78,0,1
Child_770,2,1,1,67,1,1
Child_771,1,0,1,59,1,1
Child_772,2,1,1,70,0,1
Child_773,2,1,1,71,1,1
Child_774,2,0,2,64,0,1
Child_775,0,1,2,71,1,1
Child_776,0,1,1,80,1,1
Child_777,2,1,2,65,0,1
Child_778,1,0,2,68,1,1
Child_779,1,0,2,58,1,1
Child_780,1,1,2,85,0,1
Child_781,1,0,1,52,0,1
Child_782,2,1,2,84,1,1
Child_783,2,1,1,70,0,1
Child_784,0,1,1,78,1,1
Child_785,1,1,1,78,0,1
Child_786,2,1,1,81,0,1
Child_787,0,0,2,51,0,1
Child_788,1,0,1,58,0,1
Child_789,0,1,2,81,0,1
Child_790,0,0,2,76,1,1
Child_791,0,0,2,56,0,1
Child_792,2,0,2,56,1,1
Child_793,1,1,2,76,1,1
Child_794,1,0,1,70,1,1
Child_795,0,0,2,79,1,1
Child_796,2,0,1,76,1,1
Child_797,1,1,1,68,1,1
Child_798,0,0,1,71,0,1
Child_799,0,0,2,87,0,1
Child_800,2,1,1,75,1,1
Child_801,1,1,1,53,1,1
Child_802,2,0,2,52,0,1
Child_803,0,0,1,63,0,1
Child_804,2,0,1,87,1,1
Child_805,2,0,2,87,0,1
Child_806,1,1,2,86,0,1
Child_807,1,0,2,89,1,1
Child_808,1,0,2,70,1,1
Child_809,1,1,2,57,1,1
Child_810,0,0,1,80,1,1
Child_811,1,0,2,67,0,1
Child_812,0,0,1,51,1,1
Child_813,0,1,1,61,0,1
Child_814,0,1,2,51,0,1
Child_815,0,1,1,51,0,1
Child_816,0,1,2,69,0,1
Child_817,1,1,2,59,1,1
Child_818,1,0,1,80,0,1
Child_819,2,0,2,79,1,1
Child_820,1,1,1,60,0,1
Child_821,2,1,2,79,1,1
Child_822,2,0,1,62,0,1
Child_823,1,0,1,52,1,1
Child_824,1,0,2,67,0,1
Child_825,2,1,1,82,1,1
Child_826,2,1,2,85,1,1
Child_827,1,1,2,51,1,1
Child_828,0,0,2,51,1,1
Child_829,2,0,2,68,0,1
Child_830,1,1,2,59,0,1
Child_831,1,1,2,88,1,1
Child_832,1,1,2,69,0,1
Child_833,0,1,1,85,0,1
Child_834,1,0,2,85,0,1
Child_835,1,1,1,70,1,1
Child_836,0,0,1,86,0,1
Child_837,2,0,1,68,1,1
Child_838,1,1,1,63,1,1
Child_839,1,0,1,80,1,1
Child_840,2,0,1,82,1,1
Child_841,1,1,2,58,1,1
Child_842,1,1,1,83,0,1
Child_843,1,0,1,65,0,1
Child_844,2,1,2,57,1,1
Child_845,0,1,1,88,1,1
Child_846,2,0,1,61,0,1
Child_847,1,1,1,58,0,1
Child_848,1,0,1,67,0,1
Child_849,1,0,1,75,1,1
Child_850,2,0,1,60,0,1
Child_851,1,0,2,68,0,1
Child_852,1,0,2,78,0,1
Child_853,1,0,1,87,1,1
Child_854,0,0,1,85,0,1
Child_855,0,0,1,55,0,1
Child_856,1,0,1,57,0,1
Child_857,1,0,2,69,0,1
Child_858,1,1,1,83,1,1
Child_859,2,0,1,63,0,1
Child_860,2,0,2,80,1,1
Child_861,1,1,2,79,0,1
Child_862,1,1,1,75,1,1
Child_863,0,1,1,87,0,1
Child_864,2,1,1,59,0,1
Child_865,0,0,1,77,0,1
Child_866,1,0,1,65,1,1
Child_867,1,0,2,50,0,1
Child_868,1,1,1,79,0,1
Child_869,0,1,2,61,0,1
Child_870,2,1,2,51,0,1
Child_871,0,1,2,70,0,1
Child_872,1,0,1,73,1,1
Child_873,0,1,1,72,1,1
Child_874,2,1,2,89,1,1
Child_875,2,1,1,76,0,1
Child_876,0,0,1,65,0,1
Child_877,2,1,1,75,1,1
Child_878,2,0,2,89,1,1
Child_879,2,0,1,50,0,1
Child_880,1,0,2,57,0,1
Child_881,1,1,1,50,1,1
Child_882,1,1,1,65,0,1
Child_883,1,1,2,84,1,1
Child_884,0,1,2,83,1,1
Child_885,1,0,2,56,0,1
Child_886,0,1,1,72,0,1
Child_887,1,1,2,64,0,1
Child_888,2,0,2,69,1,1
Child_889,2,0,1,57,1,1
Child_890,1,0,1,75,1,1
Child_891,0,1,2,50,0,1
Child_892,2,1,2,66,0,1
Child_893,2,1,1,78,1,1
Child_894,1,1,1,55,1,1
Child_895,0,0,1,72,0,1
Child_896,1,1,2,65,0,1
Child_897,0,1,1,70,1,1
Child_898,1,0,1,88,1,1
Child_899,1,0,1,53,0,1
Child_900,0,0,2,53,1,1
Child_901,0,1,1,75,0,1
Child_902,1,0,1,67,0,1
Child_903,1,0,1,53,0,1
Child_904,1,1,2,85,1,1
Child_905,0,0,1,65,1,1
Child_906,1,0,2,52,0,1
Child_907,1,0,1,59,1,1
Child_908,1,1,2,50,1,1
Child_909,1,0,2,82,1,1
Child_910,2,1,2,77,1,1
Child_911,1,1,1,63,0,1
Child_912,1,0,2,79,1,1
Child_913,0,0,2,54,1,1
Child_914,0,0,1,79,0,1
Child_915,0,1,1,85,1,1
Child_916,2,1,1,75,0,1
Child_917,1,0,1,88,0,1
Child_918,2,0,1,71,0,1
Child_919,2,1,2,74,1,1
Child_920,0,1,2,88,1,1
Child_921,2,0,2,73,1,1
Child_922,1,0,1,58,1,1
Child_923,1,1,1,73,0,1
Child_924,0,1,2,50,1,1
Child_925,1,0,1,88,0,1
Child_926,1,1,1,64,0,1
Child_927,1,0,2,78,1,1
Child_928,1,1,2,75,0,1
Child_929,2,1,2,66,1,1
Child_930,0,0,2,85,1,1
Child_931,0,0,2,62,0,1
Child_932,2,1,1,73,0,1
Child_933,0,1,2,71,0,1
Child_934,1,1,1,56,1,1
Child_935,1,0,1,58,1,1
Child_936,0,0,1,54,0,1
Child_937,1,1,2,52,0,1
Child_938,0,0,2,80,0,1
Child_939,1,0,1,55,0,1
Child_940,1,1,1,62,0,1
Child_941,1,1,1,89,1,1
Child_942,2,1,2,88,1,1
Child_943,1,1,2,75,0,1
Child_944,1,0,2,61,0,1
Child_945,1,0,1,86,1,1
Child_946,0,1,2,76,0,1
Child_947,1,1,2,63,1,1
Child_948,1,0,1,69,0,1
Child_949,0,1,1,67,1,1
Child_950,1,0,2,58,1,1
Child_951,1,0,1,87,0,1
Child_952,2,0,1,79,1,1
Child_953,1,0,1,59,0,1
Child_954,1,0,1,52,1,1
Child_955,1,0,2,87,1,1
Child_956,1,0,1,73,0,1
Child_957,2,1,1,80,1,1
Child_958,1,1,2,51,1,1
Child_959,1,1,2,67,0,1
Child_960,2,0,1,54,0,1
Child_961,2,0,1,83,0,1
Child_962,2,0,1,60,1,1
Child_963,1,1,1,65,0,1
Child_964,2,1,2,56,1,1
Child_965,1,1,2,63,0,1
Child_966,1,1,2,51,1,1
Child_967,2,0,1,57,0,1
Child_968,1,0,1,69,1,1
Child_969,1,0,1,88,1,1
Child_970,1,0,2,66,1,1
Child_971,2,1,2,78,1,1
Child_972,1,1,1,82,1,1
Child_973,0,1,2,77,0,1
Child_974,2,1,2,75,1,1
Child_975,0,0,2,58,0,1
Child_976,2,0,2,81,1,1
Child_977,2,1,2,53,0,1
Child_978,1,1,2,84,0,1
Child_979,1,0,2,65,1,1
Child_980,1,0,2,83,0,1
Child_981,1,0,2,70,1,1
Child_982,1,0,1,68,1,1
Child_983,2,1,1,82,1,1
Child_984,1,0,2,72,0,1
Child_985,0,1,1,70,0,1
Child_986,2,1,1,73,0,1
Child_987,0,1,1,76,0,1
Child_988,0,0,2,80,1,1
Child_989,2,0,2,57,0,1
Child_990,0,1,1,80,0,1
Child_991,1,1,2,59,0,1
Child_992,1,1,2,66,0,1
Child_993,1,1,2,57,0,1
Child_994,2,0,2,78,1,1
Child_995,2,1,2,65,1,1
Child_996,2,0,2,76,1,1
Child_997,1,1,2,52,1,1
Child_998,2,0,2,71,0,1
Child_999,0,0,2,61,0,1
Child_1000,1,1,1,66,0,1
